<?xml version="1.0" encoding="UTF-8" standalone="no"?>
<kml xmlns="http://earth.google.com/kml/2.0">
<Document>
<Style id="rss">
<IconStyle>
<Icon>
<href>http://www.geonames.org/img/rss.png</href>
</Icon>
</IconStyle>
</Style>
<Style id="cashPoint">
			<IconStyle>
				<Icon>
					<href>http://www.city.ac.uk/global/images/map-icons/bank.png</href>
				</Icon>
			</IconStyle>
		</Style>
<Folder>
<name>City University Buildings and Services</name>
<Placemark>
<name>Mount Pleasant Post Office ATM</name>
<description>Mount Pleasant Post Office ATM Roseberry Avenue, London, EC1R 4SQ </description>
<styleUrl>#cashPoint</styleUrl>
<Point>
<coordinates>-0.1107645034790039,51.52461896800239,0</coordinates>
</Point><styleUrl>#cashPoint</styleUrl>
</Placemark>
<Placemark>
<name>Barclays Bank ATM</name>
<description>Barclays Bank ATM, City University, Northampton Sq, London, EC1V 0HB </description>
<styleUrl>#cashPoint</styleUrl>
<Point>
<coordinates>-0.10193467140197754,51.52768947903407,0</coordinates>
</Point><styleUrl>#cashPoint</styleUrl>
</Placemark>
<Placemark>
<name>Barclays Bank ATM</name>
<description>Barclays Bank ATM, 38 Islington Green, London, N1 8EH </description>
<styleUrl>#cashPoint</styleUrl>
<Point>
<coordinates>-0.10337769985198975,51.535601765536676,0</coordinates>
</Point><styleUrl>#cashPoint</styleUrl>
</Placemark>
<Placemark>
<name>Barclays Bank ATM</name>
<description>Barclays Bank ATM, 128 Moorgate, London, EC2M 6SX </description>
<styleUrl>#cashPoint</styleUrl>
<Point>
<coordinates>-0.0874185562133789,51.5186909610183,0</coordinates>
</Point><styleUrl>#cashPoint</styleUrl>
</Placemark>
<Placemark>
<name>NatWest Bank ATM</name>
<description>NatWest Bank ATM, 94 Moorgate, London, EC2M 6UR </description>
<styleUrl>#cashPoint</styleUrl>
<Point>
<coordinates>-0.08764386177062988,51.51837050622514,0</coordinates>
</Point><styleUrl>#cashPoint</styleUrl>
</Placemark>
<Placemark>
<name>NatWest Bank ATM</name>
<description>NatWest Bank ATM, 78 Finsbury Pavement, London, EC2A 1AT </description>
<styleUrl>#cashPoint</styleUrl>
<Point>
<coordinates>-0.08765459060668945,51.520535201285504,0</coordinates>
</Point><styleUrl>#cashPoint</styleUrl>
</Placemark>
<Placemark>
<name>NatWest Bank ATM</name>
<description>NatWest Bank ATM, 134 Aldersgate St, London, EC1A 4JA </description>
<styleUrl>#cashPoint</styleUrl>
<Point>
<coordinates>-0.09770750999450684,51.52042004276709,0</coordinates>
</Point><styleUrl>#cashPoint</styleUrl>
</Placemark>
<Placemark>
<name>NatWest Bank ATM</name>
<description>NatWest Bank ATM, 3 Upper St, London, N1 0PH </description>
<styleUrl>#cashPoint</styleUrl>
<Point>
<coordinates>-0.10575950145721436,51.53357960803578,0</coordinates>
</Point><styleUrl>#cashPoint</styleUrl>
</Placemark>
<Placemark>
<name>HSBC Bank ATM</name>
<description>HSBC Bank ATM, 23 Islington High St, London, N1 9LJ </description>
<styleUrl>#cashPoint</styleUrl>
<Point>
<coordinates>-0.10638177394866943,51.532661932672156,0</coordinates>
</Point><styleUrl>#cashPoint</styleUrl>
</Placemark>
<Placemark>
<name>HSBC Bank ATM</name>
<description>HSBC Bank ATM, 1 South PL, London, EC2M 2UP </description>
<styleUrl>#cashPoint</styleUrl>
<Point>
<coordinates>-0.08716106414794922,51.51902476569695,0</coordinates>
</Point><styleUrl>#cashPoint</styleUrl>
</Placemark>
<Placemark>
<name>Lloyds TSB Bank ATM</name>
<description>Lloyds TSB Bank ATM, 69-85 Old St, London, EC1V 9JB </description>
<styleUrl>#cashPoint</styleUrl>
<Point>
<coordinates>-0.09612232446670532,51.5241617111466,0</coordinates>
</Point><styleUrl>#cashPoint</styleUrl>
</Placemark>
<Placemark>
<name>Lloyds TSB Bank ATM</name>
<description>Lloyds TSB Bank ATM, 19-20 Upper St, London, N1 0PJ </description>
<styleUrl>#cashPoint</styleUrl>
<Point>
<coordinates>-0.10539740324020386,51.53405512344741,0</coordinates>
</Point><styleUrl>#cashPoint</styleUrl>
</Placemark>
<Placemark>
<name>Woolwich Bank ATM</name>
<description>Woolwich Bank ATM, 14 Upper St, London, N1 0PQ </description>
<styleUrl>#cashPoint</styleUrl>
<Point>
<coordinates>-0.1055288314819336,51.53386658635222,0</coordinates>
</Point><styleUrl>#cashPoint</styleUrl>
</Placemark>
<Placemark>
<name>Alliance and Leicester Bank ATM</name>
<description>Alliance and Leicester Bank ATM, 32-33 Upper St, London, N1 0PN </description>
<styleUrl>#cashPoint</styleUrl>
<Point>
<coordinates>-0.10491728782653809,51.53454731837845,0</coordinates>
</Point><styleUrl>#cashPoint</styleUrl>
</Placemark>
<Placemark>
<name>Halifax Bank ATM</name>
<description>Alliance and Leicester Bank ATM, 1 Liverpool Rd, London, N1 0RP </description>
<styleUrl>#cashPoint</styleUrl>
<Point>
<coordinates>-0.10615110397338867,51.53320920311558,0</coordinates>
</Point><styleUrl>#cashPoint</styleUrl>
</Placemark>
<Placemark>
<name>Royal Bank of Scotland ATM</name>
<description>Royal Bank of Scotland ATM, 40 Islington High St, London, N1 8XB </description>
<styleUrl>#cashPoint</styleUrl>
<Point>
<coordinates>-0.10571658611297607,51.532998971955216,0</coordinates>
</Point><styleUrl>#cashPoint</styleUrl>
</Placemark>
<Placemark>
<name>Co-Operative Bank ATM</name>
<description>Co-Operative Bank ATM, 1 Islington High St, London, N1 9TR </description>
<styleUrl>#cashPoint</styleUrl>
<Point>
<coordinates>-0.10641932487487793,51.531894408161406,0</coordinates>
</Point><styleUrl>#cashPoint</styleUrl>
</Placemark>
</Folder>
</Document>
</kml>
